leadership ,point of contact ,resource management and operations ,meaningful work ,Masters 
training development,lead team ,financial decision making ,fair total compensation ,MSc
consulting ,manage ,professional communication,career development ,MBA
staff augmentation,resources,problem solving ,supportive leaders,
high academic performance ,operations ,analytical ,,
professional certifications ,monitor expenses ,critical ,,
generalist,execute ,systems ,,
technology ,learning ,thinking ,,
entrpreneur,plan,technolgy design ,,
social impact,development ,technology programming ,,
strategic ,design,data science ,,
empathetic,product development ,data analysis ,,
inclusive ,customer discovery ,digital marketing,,
psychologically safe ,intelligence ,web development ,,
analytical thinking,crisis management ,service orientation ,,
innovation,client engagements,teaching ,,
active learning ,mission,training ,,
,exercises,assisting ,,
,day to day ,supporting ,,
,project ,coworkers,,
,,inclusive leadership,,
,,teamwork,,
,,social influence ,,
,,flexibility ,,
,,start-up ,,
,,blockchain,,
,,talent ,,
,,strategy ,,